{"engine_ids": [1, 2, 3, 4, 5, 6, 7, 8, 9, 10, 11, 12, 13, 14, 15, 16, 17, 18, 19, 20, 21, 22, 23, 24, 25, 26, 27, 28, 29, 30, 31, 32, 33, 34, 35, 36, 37, 38, 39, 40, 41, 42, 43, 44, 45, 46, 47, 48, 49, 50, 51, 52, 53, 54, 55, 56, 57, 58, 59, 60, 61, 62, 63, 64, 65, 66, 67, 68, 69, 70, 71, 72, 73, 74, 75, 76, 77, 78, 79, 80, 81, 82, 83, 84, 85, 86, 87, 88, 89, 90, 91, 92, 93, 94, 95, 96, 97, 98, 99, 100], "actual_rul": [112, 98, 69, 82, 91, 93, 91, 95, 111, 96, 97, 124, 95, 107, 83, 84, 50, 28, 87, 16, 57, 111, 113, 20, 145, 119, 66, 97, 90, 115, 8, 48, 106, 7, 11, 19, 21, 50, 142, 28, 18, 10, 59, 109, 114, 47, 135, 92, 21, 79, 114, 29, 26, 97, 137, 15, 103, 37, 114, 100, 21, 54, 72, 28, 128, 14, 77, 8, 121, 94, 118, 50, 131, 126, 113, 10, 34, 107, 63, 90, 8, 9, 137, 58, 118, 89, 116, 115, 136, 28, 38, 20, 85, 55, 128, 137, 82, 59, 117, 20], "lr_preds": [125.0, 105.44060034017113, 72.79453126132643, 82.25905134244415, 90.85729092966325, 92.79153459158422, 91.29478603004361, 71.55924895398631, 97.59895194368366, 77.6904460569456, 85.38246684623579, 72.65850616782089, 70.08214542776383, 101.37485633509498, 118.09984820619994, 101.64269820264798, 65.06224264012806, 68.46778979988528, 90.36991863795306, 32.51669847654328, 84.53959836204906, 115.89055255561132, 108.1065309680887, 32.45735777210572, 112.63436867698779, 111.60961086334096, 92.89788819162513, 79.5456683795882, 84.86409423853513, 76.10576403311686, 20.659373673026295, 78.26154731260362, 95.99473268203191, 20.72799043520716, 14.802776963008597, 47.53071116470666, 70.76827376213048, 62.54190465343322, 125.0, 47.978592694225995, 76.57782718799504, 44.28232591363394, 62.43082953294464, 101.54121097263899, 65.98507103281261, 59.7347925826152, 100.57975632492628, 97.55840218043643, 11.092895439281278, 102.14061994027848, 86.53859786401767, 41.73293483459658, 45.97620380838765, 116.92463947964757, 103.1474375460574, 45.82351911891533, 77.74448013754719, 54.31034895335648, 119.09055479885566, 85.66069098193114, 50.94640304778446, 56.0406276987317, 65.92975947110165, 55.103195718381826, 125.0, 25.392255837217363, 112.52661045987031, 24.210572820451958, 108.71190766404621, 80.96090177718159, 110.66765273569052, 78.03304134876834, 113.72727742680676, 80.45401593680069, 109.7587758433746, 9.850956842587365, 53.47667412460787, 125.0, 93.44975055906406, 76.1379304026324, 12.582703216333726, 28.03212701556754, 104.92994060129257, 59.306051993356675, 107.06361735070178, 86.20300811993967, 119.68239854124622, 105.29541521338332, 78.12290927584685, 48.40117685264616, 36.44740821341513, 41.86387757735278, 40.67770049659396, 63.40019867015695, 108.97474507079679, 118.83154557505887, 83.2867137103301, 80.29292448004841, 117.43774373553072, 17.360157326832862], "rf_preds": [123.88, 120.41, 59.0, 74.7, 90.68, 86.97, 98.53, 72.85, 119.47, 104.84, 89.19, 91.54, 95.32, 116.88, 121.72, 94.98, 53.57, 57.45, 89.1, 22.85, 64.33, 124.41, 112.91, 21.14, 117.46, 105.53, 85.54, 82.86, 94.08, 75.69, 20.12, 46.12, 111.14, 6.77, 7.5, 24.95, 56.29, 49.9, 123.26, 28.0, 57.05, 19.75, 58.9, 117.98, 70.4, 46.99, 103.9, 107.88, 17.7, 99.72, 84.15, 31.0, 31.61, 116.65, 103.07, 13.46, 79.01, 50.2, 115.39, 81.47, 45.92, 57.65, 56.88, 42.53, 117.33, 15.03, 114.56, 16.84, 118.87, 87.72, 109.67, 65.43, 114.31, 79.85, 105.74, 13.83, 29.86, 118.36, 83.15, 73.31, 7.38, 8.4, 106.21, 41.66, 124.1, 78.77, 115.99, 110.66, 84.92, 38.32, 29.64, 22.18, 54.3, 43.76, 109.52, 119.48, 74.54, 83.58, 117.04, 15.99], "xgb_preds": [123.51834869384766, 122.1271743774414, 52.0711784362793, 83.15089416503906, 97.6409912109375, 86.8940200805664, 100.4978256225586, 65.96804809570312, 118.11213684082031, 100.98981475830078, 85.75018310546875, 94.5464096069336, 105.40223693847656, 121.32091522216797, 120.82331848144531, 103.25353240966797, 52.60903549194336, 51.972347259521484, 86.78996276855469, 23.54390525817871, 62.26622009277344, 122.92613983154297, 110.23661041259766, 23.309812545776367, 120.68260192871094, 110.07142639160156, 87.48997497558594, 84.9430923461914, 100.51585388183594, 74.94549560546875, 18.84111785888672, 47.30425262451172, 116.06219482421875, 5.46934175491333, 4.819895267486572, 24.974132537841797, 58.367393493652344, 45.18846130371094, 123.11753845214844, 29.271364212036133, 67.29166412353516, 16.06977081298828, 53.63158416748047, 118.2857894897461, 65.75775146484375, 43.651241302490234, 109.91976165771484, 105.3279800415039, 19.74633026123047, 107.5341796875, 83.70171356201172, 32.60761260986328, 30.498056411743164, 119.77857208251953, 98.51431274414062, 11.5892915725708, 72.66780853271484, 42.801292419433594, 120.07649993896484, 78.57792663574219, 46.828712463378906, 59.542503356933594, 55.75582504272461, 49.253944396972656, 120.85676574707031, 13.189336776733398, 114.34708404541016, 14.229788780212402, 118.4453125, 82.18473052978516, 112.14089965820312, 65.73646545410156, 110.77509307861328, 86.73599243164062, 108.72246551513672, 12.50574779510498, 31.25179672241211, 123.0388412475586, 96.4505615234375, 71.96730041503906, 5.32102108001709, 7.943958759307861, 111.70207977294922, 41.29885482788086, 125.0, 74.06916809082031, 118.095947265625, 110.91801452636719, 86.70735168457031, 31.592769622802734, 30.149869918823242, 23.500871658325195, 52.763023376464844, 48.05341339111328, 107.6670150756836, 118.51801300048828, 75.3893814086914, 77.42036437988281, 115.49995422363281, 18.261577606201172], "lstm_preds": [123.2755355834961, 119.87635040283203, 48.66366195678711, 76.05001831054688, 96.80510711669922, 101.98655700683594, 101.15045166015625, 88.81108856201172, 119.02436828613281, 92.28720092773438, 93.56776428222656, 93.74256896972656, 92.70024871826172, 116.05433654785156, 109.64508056640625, 105.99789428710938, 52.2169303894043, 27.236520767211914, 91.24627685546875, 17.99692153930664, 82.4859619140625, 121.91094207763672, 114.39688110351562, 17.37933349609375, 115.20410919189453, 114.28840637207031, 90.14875793457031, 102.3902587890625, 101.85269165039062, 95.86106872558594, 10.121633529663086, 47.39472961425781, 116.79582214355469, 8.953546524047852, 8.356222152709961, 17.157751083374023, 27.81203842163086, 48.54022216796875, 123.85917663574219, 25.942861557006836, 23.60764503479004, 12.663057327270508, 64.95954895019531, 118.81322479248047, 72.50428771972656, 36.363338470458984, 110.2742919921875, 102.01333618164062, 23.95265769958496, 97.26825714111328, 101.5594482421875, 29.95518684387207, 24.884138107299805, 115.07378387451172, 111.41659545898438, 15.301517486572266, 94.48651123046875, 47.0841064453125, 108.3658447265625, 102.25875854492188, 19.02537727355957, 50.859886169433594, 86.49916076660156, 25.257768630981445, 120.8331069946289, 15.585517883300781, 115.65316772460938, 8.83538818359375, 119.56886291503906, 84.00517272949219, 114.91847229003906, 66.63887023925781, 107.15894317626953, 100.18843078613281, 102.37313842773438, 8.307262420654297, 33.974082946777344, 123.79190063476562, 87.5589599609375, 97.59001159667969, 8.251914978027344, 12.741019248962402, 115.73553466796875, 82.4345703125, 122.77732849121094, 105.19402313232422, 117.40641784667969, 112.57164001464844, 105.91799926757812, 24.016422271728516, 32.93928527832031, 22.42180824279785, 56.83591842651367, 64.29107666015625, 107.68538665771484, 105.15716552734375, 91.00244140625, 62.646366119384766, 115.90058135986328, 15.620863914489746], "lstm_rmse": 14.334621342001144, "lstm_mae": 10.426666259765625, "accuracies": {"Linear Regression": 45.0, "Random Forest": 60.0, "XGBoost": 59.0, "LSTM": 71.0}, "accuracies_strict": {"Linear Regression": 45.0, "Random Forest": 60.0, "XGBoost": 59.0, "LSTM": 71.0}, "accuracies_industry": {"Linear Regression": 67.0, "Random Forest": 77.0, "XGBoost": 72.0, "LSTM": 79.0}}